DATE,SP500,sp500_pct,sp500_investment
2015-12-15,2043.41,0.0,1000.0
2015-12-16,2073.07,0.014514952946300674,1014.5149529463007
2015-12-17,2041.89,-0.0007438546351441477,999.2561453648558
2015-12-18,2005.55,-0.0185278529516838,981.4721470483162
2015-12-21,2021.15,-0.01089355538046699,989.106444619533
2015-12-22,2038.97,-0.0021728385395001215,997.8271614604998
2015-12-23,2064.29,0.010218213672243959,1010.2182136722439
2015-12-24,2060.99,0.008603266109101781,1008.6032661091018
2015-12-25,,,
2015-12-28,2056.5,0.006405958667129896,1006.4059586671299
2015-12-29,2078.36,0.01710376282782211,1017.1037628278222
2015-12-30,2063.36,0.009763092086267688,1009.7630920862676
2015-12-31,2043.94,0.00025937036620149456,1000.2593703662014
2016-01-01,,,
2016-01-04,2012.66,-0.015048375020186855,984.9516249798131
2016-01-05,2016.71,-0.013066393919967112,986.9336060800329
2016-01-06,1990.26,-0.026010443327575072,973.9895566724249
2016-01-07,1943.09,-0.04909440591951697,950.9055940804831
2016-01-08,1922.03,-0.05940070764065952,940.5992923593404
2016-01-11,1923.67,-0.05859812763958283,941.4018723604172
2016-01-12,1938.68,-0.0512525631175339,948.7474368824661
2016-01-13,1890.28,-0.07493846071028332,925.0615392897167
2016-01-14,1921.84,-0.059493689470052624,940.5063105299474
2016-01-15,1880.33,-0.07980777230218128,920.1922276978187
2016-01-18,,,
2016-01-19,1881.33,-0.07931839425274423,920.6816057472557
2016-01-20,1859.33,-0.09008471134035756,909.9152886596424
2016-01-21,1868.99,-0.08535731938279645,914.6426806172035
2016-01-22,1906.9,-0.06680499752864089,933.1950024713591
2016-01-25,1877.08,-0.08139825096285136,918.6017490371487
2016-01-26,1903.63,-0.06840526375029976,931.5947362497002
2016-01-27,1882.95,-0.07852560181265633,921.4743981873437
2016-01-28,1893.36,-0.07343117631801754,926.5688236819825
2016-01-29,1940.24,-0.050489133360412275,949.5108666395877
2016-02-01,1939.38,-0.05090999848292799,949.090001517072
2016-02-02,1903.03,-0.06869889057996192,931.3011094200381
2016-02-03,1912.53,-0.06404979911031072,935.9502008896893
2016-02-04,1915.45,-0.06262081520595475,937.3791847940453
2016-02-05,1880.05,-0.07994479815602362,920.0552018439764
2016-02-08,1853.44,-0.09296714805154127,907.0328519484588
2016-02-09,1852.21,-0.09356908305234879,906.4309169476512
2016-02-10,1851.86,-0.0937403653696518,906.2596346303482
2016-02-11,1829.08,-0.104888397335826,895.111602664174
2016-02-12,1864.78,-0.0874176009709261,912.5823990290739
2016-02-15,,,
2016-02-16,1895.58,-0.07234475704826748,927.6552429517325
2016-02-17,1926.82,-0.0570565867838565,942.9434132161435
2016-02-18,1917.83,-0.06145609544829489,938.543904551705
2016-02-19,1917.78,-0.06148056435076665,938.5194356492334
2016-02-22,1945.5,-0.04791500482037381,952.0849951796262
2016-02-23,1921.27,-0.059772634958231596,940.2273650417684
2016-02-24,1929.8,-0.055598240196534254,944.4017598034658
2016-02-25,1951.7,-0.04488086091386456,955.1191390861354
2016-02-26,1948.05,-0.04666709079430953,953.3329092056905
2016-02-29,1932.23,-0.05440905153640241,945.5909484635976
2016-03-01,1978.35,-0.031838935896369436,968.1610641036306
2016-03-02,1986.45,-0.02787497369592984,972.1250263040702
2016-03-03,1993.4,-0.024473796252342916,975.5262037476571
2016-03-04,1999.99,-0.021248794906553292,978.7512050934467
2016-03-07,2001.76,-0.020382595759049882,979.6174042409501
2016-03-08,1979.26,-0.03139360187138174,968.6063981286183
2016-03-09,1989.26,-0.02649982137701201,973.500178622988
2016-03-10,1989.57,-0.026348114181686588,973.6518858183134
2016-03-11,2022.19,-0.010384602209052574,989.6153977909474
2016-03-14,2019.64,-0.011632516235116741,988.3674837648832
2016-03-15,2015.93,-0.01344810879852798,986.551891201472
2016-03-16,2027.22,-0.007923030620384575,992.0769693796154
2016-03-17,2040.59,-0.0013800460994123354,998.6199539005877
2016-03-18,2049.58,0.0030194625650259432,1003.019462565026
2016-03-21,2051.6,0.004008006224888616,1004.0080062248886
2016-03-22,2049.8,0.0031271257359022364,1003.1271257359023
2016-03-23,2036.71,-0.003278832931227771,996.7211670687723
2016-03-24,2035.94,-0.003655654029294131,996.3443459707058
2016-03-25,,,
2016-03-28,2037.05,-0.003112444394419156,996.8875556055808
2016-03-29,2055.01,0.00567678537346894,1005.676785373469
2016-03-30,2063.95,0.010051825135435344,1010.0518251354354
2016-03-31,2059.74,0.00799154354730569,1007.9915435473057
2016-04-01,2072.78,0.014373033311963823,1014.3730333119638
2016-04-04,2066.13,0.011118669283207927,1011.118669283208
2016-04-05,2045.17,0.0008613053670090132,1000.861305367009
2016-04-06,2066.66,0.011378039649409422,1011.3780396494094
2016-04-07,2041.91,-0.0007340670741554645,999.2659329258445
2016-04-08,2047.6,0.002050494027140859,1002.0504940271409
2016-04-11,2041.99,-0.0006949168302005093,999.3050831697994
2016-04-12,2061.72,0.008960512085190775,1008.9605120851908
2016-04-13,2082.42,0.01909063770853625,1019.0906377085363
2016-04-14,2082.78,0.01926681380633366,1019.2668138063336
2016-04-15,2080.73,0.018263588804987796,1018.2635888049878
2016-04-18,2094.34,0.02492402405782501,1024.924024057825
2016-04-19,2100.8,0.028085406257187806,1028.0854062571877
2016-04-20,2102.4,0.02886841113628691,1028.8684111362868
2016-04-21,2091.48,0.0235244028364352,1023.5244028364352
2016-04-22,2091.58,0.023573340641378726,1023.5733406413788
2016-04-25,2087.79,0.021718597834012643,1021.7185978340126
2016-04-26,2091.7,0.02363206600731127,1023.6320660073113
2016-04-27,2095.15,0.02532042027786896,1025.320420277869
2016-04-28,2075.81,0.01585584880175772,1015.8558488017577
2016-04-29,2065.3,0.010712485502175406,1010.7124855021754
2016-05-02,2081.43,0.018606153439593598,1018.6061534395936
2016-05-03,2063.37,0.009767985866761864,1009.7679858667618
2016-05-04,2051.12,0.0037731047611588853,1003.7731047611588
2016-05-05,2050.63,0.0035333095169349793,1003.533309516935
2016-05-06,2057.14,0.006719160618769537,1006.7191606187696
2016-05-09,2058.69,0.007477696595396877,1007.4776965953969
2016-05-10,2084.39,0.020054712465926938,1020.054712465927
2016-05-11,2064.46,0.010301407940648266,1010.3014079406482
2016-05-12,2064.11,0.010130125623345254,1010.1301256233453
2016-05-13,2046.61,0.0015660097581982058,1001.5660097581982
2016-05-16,2066.66,0.011378039649409422,1011.3780396494094
2016-05-17,2047.21,0.0018596365878604804,1001.8596365878605
2016-05-18,2047.63,0.0020651753686240504,1002.0651753686241
2016-05-19,2040.04,-0.0016492040266026242,998.3507959733973
2016-05-20,2052.32,0.0043603584204834345,1004.3603584204834
2016-05-23,2048.04,0.0022658203688932232,1002.2658203688932
2016-05-24,2076.06,0.015978193314116984,1015.978193314117
2016-05-25,2090.54,0.02306438746996431,1023.0643874699643
2016-05-26,2090.1,0.022849061128212167,1022.8490611282122
2016-05-27,2099.06,0.027233888451167365,1027.2338884511673
2016-05-30,,,
2016-05-31,2096.96,0.026206194547349737,1026.2061945473497
2016-06-01,2099.33,0.027366020524515422,1027.3660205245155
2016-06-02,2105.26,0.030268032357676722,1030.2680323576767
2016-06-03,2099.13,0.027268144914627923,1027.268144914628
2016-06-06,2109.41,0.03229895126283999,1032.29895126284
2016-06-07,2112.13,0.03363005955730869,1033.6300595573086
2016-06-08,2119.12,0.03705081212287298,1037.050812122873
2016-06-09,2115.48,0.03526947602292241,1035.2694760229224
2016-06-10,2096.07,0.025770648083350833,1025.7706480833508
2016-06-13,2079.06,0.017446327462427913,1017.4463274624279
2016-06-14,2075.32,0.015616053557533816,1015.6160535575339
2016-06-15,2071.5,0.01374662940868454,1013.7466294086845
2016-06-16,2077.99,0.016922692949530305,1016.9226929495303
2016-06-17,2071.22,0.013609603554842087,1013.6096035548421
2016-06-20,2083.25,0.019496821489568772,1019.4968214895688
2016-06-21,2088.9,0.02226180746888784,1022.2618074688878
2016-06-22,2085.45,0.02057345319833015,1020.5734531983302
2016-06-23,2113.32,0.03421241943613862,1034.2124194361386
2016-06-24,2037.41,-0.002936268296621858,997.0637317033782
2016-06-27,2000.54,-0.020979636979363003,979.020363020637
2016-06-28,2036.09,-0.0035822473218787287,996.4177526781212
2016-06-29,2070.77,0.013389383432595547,1013.3893834325955
2016-06-30,2098.86,0.02713601284128009,1027.13601284128
2016-07-01,2102.95,0.029137569063477198,1029.1375690634773
2016-07-04,,,
2016-07-05,2088.55,0.022090525151584828,1022.0905251515849
2016-07-06,2099.73,0.027561771744290198,1027.5617717442901
2016-07-07,2097.9,0.026666209913820627,1026.6662099138207
2016-07-08,2129.9,0.04232630749580357,1042.3263074958036
2016-07-11,2137.16,0.04587919213471592,1045.8791921347158
2016-07-12,2152.14,0.05321007531528177,1053.2100753152818
2016-07-13,2152.43,0.0533519949496184,1053.3519949496183
2016-07-14,2163.75,0.058891754469244884,1058.891754469245
2016-07-15,2161.74,0.05790810458987661,1057.9081045898765
2016-07-18,2166.89,0.06042840154447693,1060.4284015444769
2016-07-19,2163.78,0.0589064358107283,1058.9064358107282
2016-07-20,2173.02,0.06342828898752573,1063.4282889875258
2016-07-21,2165.17,0.059586671299445504,1059.5866712994455
2016-07-22,2175.03,0.06441193886689422,1064.4119388668942
2016-07-25,2168.48,0.061206512643081856,1061.2065126430819
2016-07-26,2169.18,0.06154907727768766,1061.5490772776877
2016-07-27,2166.58,0.060276694349151505,1060.2766943491515
2016-07-28,2170.06,0.061979729961192165,1061.979729961192
2016-07-29,2173.6,0.06371212825619921,1063.7121282561993
2016-08-01,2170.84,0.062361444839753144,1062.3614448397532
2016-08-02,2157.03,0.05560313397702865,1055.6031339770286
2016-08-03,2163.79,0.05891132959122247,1058.9113295912225
2016-08-04,2164.25,0.05913644349396341,1059.1364434939635
2016-08-05,2182.87,0.06824866277447983,1068.2486627744797
2016-08-08,2180.89,0.06727969423659452,1067.2796942365944
2016-08-09,2181.74,0.06769566557861606,1067.6956655786162
2016-08-10,2175.49,0.06463705276963494,1064.637052769635
2016-08-11,2185.79,0.0696776466788358,1069.6776466788358
2016-08-12,2184.05,0.06882612887281558,1068.8261288728156
2016-08-15,2190.15,0.07181133497438097,1071.811334974381
2016-08-16,2178.15,0.06593879838113748,1065.9387983811375
2016-08-17,2182.22,0.06793056704234579,1067.9305670423457
2016-08-18,2187.02,0.07027958167964332,1070.2795816796433
2016-08-19,2183.87,0.06873804082391688,1068.738040823917
2016-08-22,2182.64,0.06813610582310936,1068.1361058231093
2016-08-23,2186.9,0.070220856313711,1070.220856313711
2016-08-24,2175.44,0.06461258386716318,1064.6125838671633
2016-08-25,2172.47,0.06315913106033522,1063.1591310603353
2016-08-26,2169.04,0.06148056435076654,1061.4805643507666
2016-08-29,2180.38,0.06703011143138182,1067.0301114313818
2016-08-30,2176.12,0.06494536094078018,1064.9453609407801
2016-08-31,2170.95,0.06241527642519107,1062.415276425191
2016-09-01,2170.86,0.06237123240074194,1062.371232400742
2016-09-02,2179.98,0.06683436021160705,1066.834360211607
2016-09-05,,,
2016-09-06,2186.48,0.07001531753294743,1070.0153175329474
2016-09-07,2186.16,0.06985871655712739,1069.8587165571273
2016-09-08,2181.3,0.06748033923686392,1067.480339236864
2016-09-09,2127.81,0.04130350737248034,1041.3035073724805
2016-09-12,2159.04,0.05658678385639693,1056.586783856397
2016-09-13,2127.02,0.040916898713424965,1040.9168987134249
2016-09-14,2125.77,0.040305176151628874,1040.305176151629
2016-09-15,2147.26,0.050821910434029505,1050.8219104340294
2016-09-16,2139.16,0.0468579482335898,1046.8579482335897
2016-09-19,2139.12,0.04683837311161243,1046.8383731116123
2016-09-20,2139.76,0.04715157506325207,1047.151575063252
2016-09-21,2163.12,0.05858344629809964,1058.5834462980997
2016-09-22,2177.18,0.0654641016731834,1065.4641016731834
2016-09-23,2164.69,0.05935176983571577,1059.3517698357157
2016-09-26,2146.1,0.05025423189668232,1050.2542318966823
2016-09-27,2159.93,0.05702233032039561,1057.0223303203957
2016-09-28,2171.37,0.06262081520595464,1062.6208152059546
2016-09-29,2151.13,0.05271580348535054,1052.7158034853505
2016-09-30,2168.27,0.06110374325270018,1061.1037432527003
2016-10-03,2161.2,0.057643840443180716,1057.6438404431808
2016-10-04,2150.49,0.05240260153371068,1052.4026015337106
2016-10-05,2159.73,0.05692445471050833,1056.9244547105084
2016-10-06,2160.77,0.05743340788192275,1057.4334078819227
2016-10-07,2153.74,0.05399308019438087,1053.9930801943808
2016-10-10,2163.66,0.05884771044479553,1058.8477104447954
2016-10-11,2136.73,0.04566875957345795,1045.668759573458
2016-10-12,2139.18,0.04686773579457859,1046.8677357945785
2016-10-13,2132.55,0.04362315932681171,1043.6231593268117
2016-10-14,2132.98,0.043833591888069456,1043.8335918880693
2016-10-17,2126.5,0.04066242212771787,1040.662422127718
2016-10-18,2139.6,0.04707327457534216,1047.073274575342
2016-10-19,2144.29,0.049368457627201545,1049.3684576272015
2016-10-20,2141.34,0.0479247923813626,1047.9247923813625
2016-10-21,2141.16,0.047836704332463675,1047.8367043324636
2016-10-24,2151.33,0.05281367909523782,1052.8136790952378
2016-10-25,2143.16,0.048815460431337776,1048.8154604313377
2016-10-26,2139.43,0.046990080306937854,1046.990080306938
2016-10-27,2133.04,0.04386295457103562,1043.8629545710355
2016-10-28,2126.41,0.040618378103268515,1040.6183781032685
2016-10-31,2126.15,0.040491139810414856,1040.4911398104148
2016-11-01,2111.72,0.033429414557039294,1033.4294145570393
2016-11-02,2097.94,0.026685785035797993,1026.685785035798
2016-11-03,2088.66,0.022144356737022752,1022.1443567370228
2016-11-04,2085.18,0.020441321124982093,1020.4413211249821
2016-11-07,2131.52,0.04311909993589147,1043.1190999358914
2016-11-08,2139.56,0.04705369945336457,1047.0536994533645
2016-11-09,2163.26,0.05865195922502098,1058.651959225021
2016-11-10,2167.48,0.060717134593644806,1060.717134593645
2016-11-11,2164.45,0.059234319103850686,1059.2343191038508
2016-11-14,2164.2,0.059111974591491645,1059.1119745914916
2016-11-15,2180.39,0.06703500521187622,1067.0350052118763
2016-11-16,2176.94,0.06534665094131875,1065.3466509413188
2016-11-17,2187.12,0.07032851948458685,1070.3285194845869
2016-11-18,2181.9,0.06777396606652597,1067.7739660665259
2016-11-21,2198.18,0.0757410407113599,1075.7410407113598
2016-11-22,2202.94,0.07807048022667984,1078.0704802266798
2016-11-23,2204.72,0.07894157315467765,1078.9415731546776
2016-11-24,,,
2016-11-25,2213.35,0.08316490572131863,1083.1649057213185
2016-11-28,2201.72,0.07747343900636672,1077.4734390063668
2016-11-29,2204.66,0.07891221047171149,1078.9122104717114
2016-11-30,2198.81,0.07604934888250514,1076.0493488825052
2016-12-01,2191.08,0.07226645656035746,1072.2664565603575
2016-12-02,2191.95,0.07269221546336757,1072.6922154633676
2016-12-05,2204.71,0.07893667937418325,1078.9366793741833
2016-12-06,2212.23,0.08261680230594926,1082.6168023059492
2016-12-07,2241.35,0.09686749110555382,1096.8674911055539
2016-12-08,2246.19,0.09923608086482893,1099.2360808648289
2016-12-09,2259.53,0.1057643840443181,1105.7643840443181
2016-12-12,2256.96,0.10450668245726513,1104.5066824572652
2016-12-13,2271.72,0.11172990246695469,1111.7299024669546
2016-12-14,2253.28,0.10270577123533697,1102.705771235337
2016-12-15,2262.03,0.1069878291679105,1106.9878291679106
2016-12-16,2258.07,0.1050498920921401,1105.04989209214
2016-12-19,2262.53,0.10723251819262902,1107.232518192629
2016-12-20,2270.76,0.11126009953949523,1111.2600995394953
2016-12-21,2265.18,0.10852937002363694,1108.5293700236368
2016-12-22,2260.96,0.10646419465501289,1106.464194655013
2016-12-23,2263.79,0.10784913453491951,1107.8491345349196
2016-12-26,,,
2016-12-27,2268.88,0.11034006880655367,1110.3400688065537
2016-12-28,2249.92,0.10106146098922886,1101.0614609892289
2016-12-29,2249.26,0.10073847147660042,1100.7384714766004
2016-12-30,2238.83,0.09563425842097262,1095.6342584209726
2017-01-02,,,
2017-01-03,2257.83,0.10493244136027524,1104.9324413602753
2017-01-04,2270.75,0.11125520575900083,1111.2552057590008
2017-01-05,2269.0,0.11039879417248621,1110.3987941724863
2017-01-06,2276.98,0.11430403100699316,1114.3040310069932
2017-01-09,2268.9,0.11034985636754246,1110.3498563675425
2017-01-10,2268.9,0.11034985636754246,1110.3498563675425
2017-01-11,2275.32,0.11349166344492789,1113.4916634449278
2017-01-12,2270.44,0.1111034985636754,1111.1034985636754
2017-01-13,2274.64,0.11315888637131066,1113.1588863713107
2017-01-16,,,
2017-01-17,2267.89,0.10985558453761102,1109.855584537611
2017-01-18,2271.89,0.111813096735359,1111.813096735359
2017-01-19,2263.69,0.10780019672997576,1107.8001967299758
2017-01-20,2271.31,0.11152925746668552,1111.5292574666855
2017-01-23,2265.2,0.10853915758462551,1108.5391575846254
2017-01-24,2280.07,0.11581620917975344,1115.8162091797535
2017-01-25,2298.37,0.12477182748444982,1124.77182748445
2017-01-26,2296.68,0.12394477858090136,1123.9447785809014
2017-01-27,2294.69,0.12297091626252188,1122.9709162625218
2017-01-30,2280.9,0.11622239296078618,1116.2223929607862
2017-01-31,2278.87,0.11522895552042889,1115.2289555204288
2017-02-01,2279.55,0.11556173259404634,1115.5617325940464
2017-02-02,2280.85,0.1161979240583142,1116.1979240583141
2017-02-03,2297.42,0.12430691833748497,1124.306918337485
2017-02-06,2292.56,0.12192854101722106,1121.928541017221
2017-02-07,2293.08,0.12218301760292838,1122.1830176029284
2017-02-08,2294.67,0.1229611287015333,1122.9611287015332
2017-02-09,2307.87,0.12942091895410113,1129.4209189541011
2017-02-10,2316.1,0.13344850030096733,1133.4485003009672
2017-02-13,2328.25,0.13939444360162656,1139.3944436016266
2017-02-14,2337.58,0.14396034080287357,1143.9603408028736
2017-02-15,2349.25,0.14967138263980306,1149.6713826398031
2017-02-16,2347.22,0.14867794519944577,1148.6779451994457
2017-02-17,2351.16,0.1506060947142276,1150.6060947142275
2017-02-20,,,
2017-02-21,2365.38,0.15756505057722148,1157.5650505772214
2017-02-22,2362.82,0.1563122427706627,1156.3122427706626
2017-02-23,2363.81,0.15679672703960534,1156.7967270396052
2017-02-24,2367.34,0.158524231554118,1158.524231554118
2017-02-27,2369.75,0.15970363265326082,1159.703632653261
2017-02-28,2363.64,0.15671353277120104,1156.713532771201
2017-03-01,2395.96,0.17253023132900402,1172.530231329004
2017-03-02,2381.92,0.16565936351490884,1165.6593635149088
2017-03-03,2383.12,0.16624661717423317,1166.2466171742333
2017-03-06,2375.31,0.16242457460813053,1162.4245746081306
2017-03-07,2368.39,0.15903807850602658,1159.0380785060265
2017-03-08,2362.98,0.1563905432585726,1156.3905432585725
2017-03-09,2364.87,0.15731546777200855,1157.3154677720086
2017-03-10,2372.6,0.16109836009415623,1161.0983600941563
2017-03-13,2373.47,0.16152411899716634,1161.5241189971664
2017-03-14,2365.45,0.1575993070406818,1157.5993070406819
2017-03-15,2385.26,0.16729388620002839,1167.2938862000283
2017-03-16,2381.38,0.16539509936821295,1165.3950993682129
2017-03-17,2378.25,0.16386334607347508,1163.863346073475
2017-03-20,2373.47,0.16152411899716634,1161.5241189971664
2017-03-21,2344.02,0.14711193544124757,1147.1119354412476
2017-03-22,2348.45,0.1492798802002533,1149.2798802002533
2017-03-23,2345.96,0.1480613288571555,1148.0613288571556
2017-03-24,2343.98,0.1470923603192702,1147.0923603192703
2017-03-27,2341.59,0.14592274678111594,1145.9227467811158
2017-03-28,2358.57,0.15423238606055567,1154.2323860605557
2017-03-29,2361.13,0.15548519386711424,1155.4851938671143
2017-03-30,2368.06,0.15887658374971236,1158.8765837497124
2017-03-31,2362.72,0.15626330496571894,1156.263304965719
2017-04-03,2358.84,0.15436451813390373,1154.3645181339036
2017-04-04,2360.16,0.15501049715916038,1155.0104971591604
2017-04-05,2352.95,0.1514820814227198,1151.4820814227198
2017-04-06,2357.49,0.15370385776716367,1153.7038577671638
2017-04-07,2355.54,0.15274957057076155,1152.7495705707615
2017-04-10,2357.16,0.15354236301084945,1153.5423630108494
2017-04-11,2353.78,0.15188826520375254,1151.8882652037526
2017-04-12,2344.93,0.14755726946623526,1147.5572694662353
2017-04-13,2328.95,0.13973700823623236,1139.7370082362324
2017-04-14,,,
2017-04-17,2349.01,0.1495539319079382,1149.5539319079382
2017-04-18,2342.19,0.146216373610778,1146.216373610778
2017-04-19,2338.17,0.14424907385204144,1144.2490738520414
2017-04-20,2355.84,0.1528963839855928,1152.8963839855928
2017-04-21,2348.69,0.14939733093211838,1149.3973309321184
2017-04-24,2374.15,0.16185689607078357,1161.8568960707835
2017-04-25,2388.61,0.16893330266564233,1168.9333026656423
2017-04-26,2387.45,0.16836562412829514,1168.3656241282952
2017-04-27,2388.77,0.16901160315355201,1169.011603153552
2017-04-28,2384.2,0.16677514546762495,1166.775145467625
2017-05-01,2388.33,0.16879627681179987,1168.7962768117998
2017-05-02,2391.17,0.1701861104722009,1170.1861104722009
2017-05-03,2388.13,0.1686984012019126,1168.6984012019127
2017-05-04,2389.52,0.1693786366906298,1169.3786366906297
2017-05-05,2399.29,0.17415986023362895,1174.159860233629
2017-05-08,2399.38,0.17420390425807852,1174.2039042580786
2017-05-09,2396.92,0.1730000342564635,1173.0000342564636
2017-05-10,2399.63,0.17432624877043756,1174.3262487704376
2017-05-11,2394.44,0.17178637669385965,1171.7863766938597
2017-05-12,2390.9,0.17005397839885283,1170.053978398853
2017-05-15,2402.32,0.17564267572342307,1175.642675723423
2017-05-16,2400.67,0.17483520194185198,1174.835201941852
2017-05-17,2357.03,0.15347874386442273,1153.4787438644228
2017-05-18,2365.72,0.15773143911402987,1157.7314391140299
2017-05-19,2381.73,0.16556638168551574,1165.5663816855158
2017-05-22,2394.02,0.17158083791309608,1171.580837913096
2017-05-23,2398.42,0.17373410133061884,1173.7341013306188
2017-05-24,2404.39,0.1766556882857575,1176.6556882857576
2017-05-25,2415.07,0.18188224585374457,1181.8822458537445
2017-05-26,2415.82,0.18224927939082214,1182.249279390822
2017-05-29,,,
2017-05-30,2412.91,0.18082518926696056,1180.8251892669605
2017-05-31,2411.8,0.1802819796320856,1180.2819796320855
2017-06-01,2430.06,0.1892180228148046,1189.2180228148045
2017-06-02,2439.07,0.19362731904023178,1193.6273190402317
2017-06-05,2436.1,0.19217386623340382,1192.1738662334037
2017-06-06,2429.33,0.1888607768387156,1188.8607768387155
2017-06-07,2433.14,0.19072530720707048,1190.7253072070705
2017-06-08,2433.79,0.19104340293920452,1191.0434029392045
2017-06-09,2431.77,0.19005485927934185,1190.0548592793418
2017-06-12,2429.39,0.18889013952168177,1188.8901395216817
2017-06-13,2440.35,0.19425372294351106,1194.253722943511
2017-06-14,2437.92,0.19306453428337922,1193.0645342833793
2017-06-15,2432.46,0.19039253013345347,1190.3925301334534
2017-06-16,2433.15,0.19073020098756488,1190.7302009875648
2017-06-19,2453.46,0.20066946917162976,1200.6694691716298
2017-06-20,2437.03,0.19262898781938032,1192.6289878193804
2017-06-21,2435.61,0.19193407098917992,1191.9340709891799
2017-06-22,2434.5,0.19139086135430472,1191.3908613543047
2017-06-23,2438.3,0.19325049794216542,1193.2504979421653
2017-06-26,2439.07,0.19362731904023178,1193.6273190402317
2017-06-27,2419.38,0.18399146524681775,1183.9914652468178
2017-06-28,2440.69,0.19442011148031968,1194.4201114803197
2017-06-29,2419.7,0.18414806622263757,1184.1480662226377
2017-06-30,2423.41,0.1859636587860487,1185.9636587860487
2017-07-03,2429.01,0.188704175862896,1188.704175862896
2017-07-04,,,
2017-07-05,2432.54,0.1904316803774082,1190.4316803774082
2017-07-06,2409.75,0.17927875463073972,1179.2787546307397
2017-07-07,2425.18,0.1868298579335521,1186.8298579335521
2017-07-10,2427.43,0.18793095854478525,1187.9309585447852
2017-07-11,2425.53,0.18700114025085535,1187.0011402508553
2017-07-12,2443.25,0.19567291928687824,1195.6729192868781
2017-07-13,2447.83,0.19791427075329948,1197.9142707532994
2017-07-14,2459.27,0.2035127556388585,1203.5127556388586
2017-07-17,2459.14,0.20344913649243157,1203.4491364924315
2017-07-18,2460.61,0.20416852222510418,1204.1685222251042
2017-07-19,2473.83,0.2106381000386608,1210.6381000386607
2017-07-20,2473.45,0.2104521363798746,1210.4521363798747
2017-07-21,2472.54,0.2100068023548871,1210.0068023548872
2017-07-24,2469.91,0.20871973808486777,1208.7197380848677
2017-07-25,2477.13,0.21225304760180297,1212.253047601803
2017-07-26,2477.83,0.21259561223640877,1212.5956122364087
2017-07-27,2475.42,0.21141621113726572,1211.4162111372657
2017-07-28,2472.1,0.20979147601313475,1209.7914760131348
2017-07-31,2470.3,0.20891059552414837,1208.9105955241484
2017-08-01,2476.35,0.211871332723242,1211.871332723242
2017-08-02,2477.57,0.2124683739435551,1212.4683739435552
2017-08-03,2472.16,0.2098208386961009,1209.820838696101
2017-08-04,2476.83,0.21210623418697172,1212.1062341869717
2017-08-07,2480.91,0.21410289662867443,1214.1028966286744
2017-08-08,2474.92,0.2111715221125472,1211.171522112547
2017-08-09,2474.02,0.2107310818680539,1210.731081868054
2017-08-10,2438.21,0.19320645391771585,1193.2064539177159
2017-08-11,2441.32,0.19472841965146492,1194.728419651465
2017-08-14,2465.84,0.20672796942365945,1206.7279694236595
2017-08-15,2464.61,0.20612603442285193,1206.126034422852
2017-08-16,2468.11,0.2078388575958814,1207.8388575958813
2017-08-17,2430.01,0.18919355391233283,1189.1935539123328
2017-08-18,2425.55,0.18701092781184392,1187.0109278118439
2017-08-21,2428.37,0.18839097391125614,1188.3909739112562
2017-08-22,2452.51,0.2002045600246647,1200.2045600246647
2017-08-23,2444.04,0.1960595279459334,1196.0595279459335
2017-08-24,2438.97,0.19357838123528803,1193.5783812352881
2017-08-25,2443.05,0.19557504367699097,1195.575043676991
2017-08-28,2444.24,0.19615740355582068,1196.1574035558206
2017-08-29,2446.3,0.19716552233766116,1197.165522337661
2017-08-30,2457.59,0.20269060051580445,1202.6906005158044
2017-08-31,2471.65,0.2095712558908882,1209.571255890888
2017-09-01,2476.55,0.2119692083331295,1211.9692083331295
2017-09-04,,,
2017-09-05,2457.85,0.2028178388086579,1202.8178388086578
2017-09-06,2465.54,0.2065811560088282,1206.5811560088282
2017-09-07,2465.1,0.20636582966707606,1206.365829667076
2017-09-08,2461.43,0.2045698122256423,1204.5698122256424
2017-09-11,2488.11,0.21762641858462084,1217.6264185846208
2017-09-12,2496.48,0.22172251285840816,1221.7225128584082
2017-09-13,2498.37,0.22264743737184411,1222.647437371844
2017-09-14,2495.62,0.22130164773589245,1221.3016477358924
2017-09-15,2500.23,0.22355768054379688,1223.5576805437968
2017-09-18,2503.87,0.22533901664374745,1225.3390166437475
2017-09-19,2506.65,0.2266994876211823,1226.6994876211822
2017-09-20,2508.24,0.2274775987197868,1227.4775987197868
2017-09-21,2500.6,0.22373875042208846,1223.7387504220885
2017-09-22,2502.22,0.22453154286217636,1224.5315428621764
2017-09-25,2496.66,0.22181060090730687,1221.810600907307
2017-09-26,2496.84,0.22189868895620557,1221.8986889562057
2017-09-27,2507.04,0.22689034506046268,1226.8903450604628
2017-09-28,2510.06,0.22836826676976218,1228.3682667697622
2017-09-29,2519.36,0.23291948262952622,1232.9194826295263
2017-10-02,2529.12,0.23769581239203097,1237.695812392031
2017-10-03,2534.58,0.2403678165419567,1240.3678165419567
2017-10-04,2537.74,0.24191425117817755,1241.9142511781777
2017-10-05,2552.07,0.24892703862660936,1248.9270386266094
2017-10-06,2549.33,0.2475861427711521,1247.586142771152
2017-10-09,2544.73,0.24533500374374206,1245.3350037437422
2017-10-10,2550.64,0.24822722801591457,1248.2272280159145
2017-10-11,2555.24,0.2504783670433244,1250.4783670433244
2017-10-12,2550.93,0.2483691476502512,1248.3691476502513
2017-10-13,2553.17,0.24946535448099016,1249.46535448099
2017-10-16,2557.64,0.25165287436197326,1251.6528743619733
2017-10-17,2559.36,0.2524946046070049,1252.494604607005
2017-10-18,2561.26,0.25342442290093525,1253.4244229009353
2017-10-19,2562.1,0.25383550046246217,1253.8355004624623
2017-10-20,2575.21,0.26025124669058086,1260.251246690581
2017-10-23,2564.98,0.2552449092448408,1255.2449092448408
2017-10-24,2569.13,0.25727582815000427,1257.2758281500044
2017-10-25,2557.15,0.25141307911774935,1251.4130791177492
2017-10-26,2560.4,0.2530035577784193,1253.0035577784192
2017-10-27,2581.07,0.2631190020602816,1263.1190020602817
2017-10-30,2572.83,0.2590865269329208,1259.0865269329208
2017-10-31,2575.26,0.26027571559305285,1260.2757155930528
2017-11-01,2579.36,0.26228216559574435,1262.2821655957443
2017-11-02,2579.85,0.2625219608399685,1262.5219608399684
2017-11-03,2587.84,0.2664320914549698,1266.4320914549699
2017-11-06,2591.13,0.2680421452376176,1268.0421452376177
2017-11-07,2590.64,0.26780234999339325,1267.8023499933934
2017-11-08,2594.38,0.26963262389828757,1269.6326238982876
2017-11-09,2584.62,0.2648562941357828,1264.8562941357827
2017-11-10,2582.3,0.2637209370610891,1263.7209370610892
2017-11-13,2584.84,0.2649639573066589,1264.9639573066588
2017-11-14,2578.87,0.2620423703515202,1262.0423703515203
2017-11-15,2564.62,0.25506873314704337,1255.0687331470433
2017-11-16,2585.64,0.26535545974620844,1265.3554597462085
2017-11-17,2578.85,0.26203258279053143,1262.0325827905315
2017-11-20,2582.14,0.263642636573179,1263.642636573179
2017-11-21,2599.03,0.2719082318281696,1271.9082318281696
2017-11-22,2597.08,0.2709539446317675,1270.9539446317674
2017-11-23,,,
2017-11-24,2602.42,0.2735672234157609,1273.567223415761
2017-11-27,2601.42,0.27307784536632385,1273.0778453663238
2017-11-28,2627.04,0.28561571099289895,1285.615710992899
2017-11-29,2626.07,0.2851410142849453,1285.1410142849454
2017-11-30,2647.58,0.2956675361283345,1295.6675361283346
2017-12-01,2642.22,0.2930444697833521,1293.044469783352
2017-12-04,2639.44,0.29168399880591744,1291.6839988059176
2017-12-05,2629.57,0.28685383745797477,1286.8538374579748
2017-12-06,2629.27,0.2867070240431435,1286.7070240431435
2017-12-07,2636.98,0.29048012880430263,1290.4801288043027
2017-12-08,2651.5,0.2975858980821273,1297.5858980821274
2017-12-11,2659.99,0.3017407177218472,1301.7407177218472
2017-12-12,2664.11,0.3037569552855277,1303.7569552855277
2017-12-13,2662.85,0.303140338943237,1303.140338943237
2017-12-14,2652.01,0.29783548088734024,1297.8354808873403
2017-12-15,2675.81,0.3094826784639402,1309.4826784639401
2017-12-18,2690.16,0.31650525347336056,1316.5052534733607
2017-12-19,2681.47,0.3122525582237532,1312.252558223753
2017-12-20,2679.25,0.31116613895400325,1311.1661389540031
2017-12-21,2684.57,0.3137696301770081,1313.7696301770081
2017-12-22,2683.34,0.3131676951762006,1313.1676951762006
2017-12-25,,,
2017-12-26,2680.5,0.31177786151579956,1311.7778615157995
2017-12-27,2682.62,0.31281534298060576,1312.8153429806057
2017-12-28,2687.54,0.31522308298383583,1315.2230829838359
2017-12-29,2673.61,0.3084060467551788,1308.4060467551787
2018-01-01,,,
2018-01-02,2695.81,0.3192702394526794,1319.2702394526793
2018-01-03,2713.06,0.3277120108054672,1327.7120108054671
2018-01-04,2723.99,0.3330609128858133,1333.0609128858132
2018-01-05,2743.15,0.34243739631302583,1342.4373963130258
2018-01-08,2747.71,0.3446689602184583,1344.6689602184583
2018-01-09,2751.29,0.3464209336354427,1346.4209336354427
2018-01-10,2748.23,0.3449234368041656,1344.9234368041657
2018-01-11,2767.56,0.3543831144997822,1354.3831144997823
2018-01-12,2786.24,0.3635246964632646,1363.5246964632645
2018-01-15,,,
2018-01-16,2776.42,0.35871900401779366,1358.7190040177936
2018-01-17,2802.56,0.3715113462300761,1371.511346230076
2018-01-18,2798.03,0.36929446366612684,1369.2944636661268
2018-01-19,2810.3,0.3752991323327184,1375.2991323327185
2018-01-22,2832.97,0.38639333271345433,1386.3933327134544
2018-01-23,2839.13,0.3894079014979861,1389.4079014979861
2018-01-24,2837.54,0.3886297903993814,1388.6297903993814
2018-01-25,2839.25,0.38946662686391864,1389.4666268639187
2018-01-26,2872.87,0.4059195168859895,1405.9195168859894
2018-01-29,2853.53,0.3964549454098787,1396.4549454098787
2018-01-30,2822.43,0.3812352880723886,1381.2352880723886
2018-01-31,2823.81,0.38191062978061163,1381.9106297806115
2018-02-01,2821.98,0.38101506795014206,1381.015067950142
2018-02-02,2762.13,0.35172579169133944,1351.7257916913395
2018-02-05,2648.94,0.29633309027556876,1296.3330902755688
2018-02-06,2695.14,0.3189423561595568,1318.9423561595568
2018-02-07,2681.66,0.3123455400531463,1312.3455400531464
2018-02-08,2581.0,0.26308474559682105,1263.084745596821
2018-02-09,2619.55,0.28195026940261636,1281.9502694026164
2018-02-12,2656.0,0.2997880993045938,1299.7880993045937
2018-02-13,2662.94,0.30318438296768635,1303.1843829676864
2018-02-14,2698.63,0.32065028555209185,1320.6502855520919
2018-02-15,2731.2,0.3365893286222539,1336.5893286222538
2018-02-16,2732.22,0.3370884942326795,1337.0884942326795
2018-02-19,,,
2018-02-20,2716.26,0.3292780205636656,1329.2780205636657
2018-02-21,2701.33,0.32197160628557153,1321.9716062855716
2018-02-22,2703.96,0.3232586705555909,1323.258670555591
2018-02-23,2747.3,0.3444683152181893,1344.4683152181892
2018-02-26,2779.6,0.3602752262150033,1360.2752262150034
2018-02-27,2744.28,0.3429903935088896,1342.9903935088896
2018-02-28,2713.83,0.3280888319035338,1328.0888319035337
2018-03-01,2677.67,0.31039292163589294,1310.392921635893
2018-03-02,2691.25,0.31703867554724696,1317.038675547247
2018-03-05,2720.94,0.3315683098350306,1331.5683098350305
2018-03-06,2728.12,0.335082044229988,1335.082044229988
2018-03-07,2726.8,0.33443606520473135,1334.4360652047314
2018-03-08,2738.97,0.34039179606637915,1340.3917960663791
2018-03-09,2786.57,0.363686191219579,1363.686191219579
2018-03-12,2783.02,0.3619488991440778,1361.9488991440778
2018-03-13,2765.31,0.35328201388854885,1353.2820138885488
2018-03-14,2749.48,0.3455351593659617,1345.5351593659616
2018-03-15,2747.33,0.3444829965596723,1344.4829965596723
2018-03-16,2752.01,0.3467732858310373,1346.7732858310374
2018-03-19,2712.92,0.3276434978785461,1327.643497878546
2018-03-20,2716.94,0.32961079763728285,1329.6107976372828
2018-03-21,2711.93,0.3271590136096034,1327.1590136096033
2018-03-22,2643.69,0.2937638555160247,1293.7638555160247
2018-03-23,2588.26,0.2666376302357334,1266.6376302357335
2018-03-26,2658.55,0.3010360133306582,1301.0360133306583
2018-03-27,2612.62,0.278558879520018,1278.558879520018
2018-03-28,2605.0,0.27482981878330826,1274.8298187833082
2018-03-29,2640.87,0.29238380941661224,1292.3838094166122
2018-03-30,,,
2018-04-02,2581.88,0.26351539828032555,1263.5153982803256
2018-04-03,2614.45,0.2794544413504876,1279.4544413504875
2018-04-04,2644.69,0.29425323356546174,1294.2532335654616
2018-04-05,2662.84,0.3031354451627426,1303.1354451627426
2018-04-06,2604.47,0.27457044841710654,1274.5704484171065
2018-04-09,2613.16,0.2788231436667139,1278.8231436667138
2018-04-10,2656.87,0.30021385820760393,1300.2138582076038
2018-04-11,2642.19,0.2930297884418691,1293.0297884418692
2018-04-12,2663.99,0.30369822991959494,1303.698229919595
2018-04-13,2656.3,0.29993491271942485,1299.9349127194248
2018-04-16,2677.84,0.31047611590429725,1310.4761159042973
2018-04-17,2706.39,0.3244478592157227,1324.4478592157227
2018-04-18,2708.64,0.32554895982695586,1325.5489598269558
2018-04-19,2693.13,0.3179587062801885,1317.9587062801886
2018-04-20,2670.14,0.30670790492363253,1306.7079049236324
2018-04-23,2670.29,0.30678131163104805,1306.781311631048
2018-04-24,2634.56,0.28929583392466496,1289.295833924665
2018-04-25,2639.4,0.2916644236839401,1291.6644236839402
2018-04-26,2666.94,0.30514189516543433,1305.1418951654343
2018-04-27,2669.91,0.30659534797226184,1306.5953479722618
2018-04-30,2648.05,0.29589754381156985,1295.89754381157
2018-05-01,2654.8,0.2992008456452695,1299.2008456452695
2018-05-02,2635.67,0.28983904355954015,1289.8390435595402
2018-05-03,2629.73,0.28693213794588446,1286.9321379458845
2018-05-04,2663.42,0.3034192844314161,1303.4192844314161
2018-05-07,2672.63,0.30792645626673054,1307.9264562667306
2018-05-08,2671.92,0.30757899785163034,1307.5789978516304
2018-05-09,2697.79,0.3202392079905647,1320.2392079905646
2018-05-10,2723.07,0.3326106850803314,1332.6106850803315
2018-05-11,2727.72,0.3348862930102132,1334.8862930102132
2018-05-14,2730.13,0.3360656941093565,1336.0656941093564
2018-05-15,2711.45,0.3269241121458737,1326.9241121458738
2018-05-16,2722.46,0.33231216447017475,1332.3121644701748
2018-05-17,2720.13,0.33117191361498666,1331.1719136149866
2018-05-18,2712.97,0.32766796678101784,1327.6679667810179
2018-05-21,2733.01,0.3374751028917349,1337.4751028917349
2018-05-22,2724.44,0.33328113300806006,1333.2811330080601
2018-05-23,2733.29,0.3376121287455771,1337.6121287455771
2018-05-24,2727.76,0.3349058681321908,1334.9058681321908
2018-05-25,2721.33,0.331759167274311,1331.759167274311
2018-05-28,,,
2018-05-29,2689.86,0.31635844005852953,1316.3584400585296
2018-05-30,2724.01,0.3330707004468023,1333.0707004468022
2018-05-31,2705.27,0.32389975580035335,1323.8997558003534
2018-06-01,2734.62,0.3382630015513284,1338.2630015513284
2018-06-04,2746.87,0.34425788265693114,1344.257882656931
2018-06-05,2748.8,0.3452023822923447,1345.2023822923447
2018-06-06,2772.35,0.3567272353565851,1356.7272353565852
2018-06-07,2770.37,0.35575826681870004,1355.7582668187001
2018-06-08,2779.03,0.3599962807268242,1359.9962807268241
2018-06-11,2782.0,0.36144973353365195,1361.4497335336519
2018-06-12,2786.85,0.36382321707342125,1363.8232170734213
2018-06-13,2775.63,0.3583323953587385,1358.3323953587385
2018-06-14,2782.49,0.3616895287778761,1361.6895287778761
2018-06-15,2779.66,0.36030458889796946,1360.3045888979696
2018-06-18,2773.75,0.35741236462579695,1357.412364625797
2018-06-19,2762.59,0.3519509055940806,1351.9509055940805
2018-06-20,2767.32,0.35426566376791735,1354.2656637679174
2018-06-21,2749.76,0.34567218521980414,1345.672185219804
2018-06-22,2754.88,0.3481778008329215,1348.1778008329215
2018-06-25,2717.07,0.32967441678370957,1329.6744167837096
2018-06-26,2723.06,0.33260579129983703,1332.605791299837
2018-06-27,2699.63,0.3211396636015289,1321.1396636015288
2018-06-28,2716.31,0.3293024894661374,1329.3024894661373
2018-06-29,2718.37,0.33031060824797764,1330.3106082479776
2018-07-02,2726.71,0.334392021180282,1334.392021180282
2018-07-03,2713.22,0.3277903112933771,1327.790311293377
2018-07-04,,,
2018-07-05,2736.61,0.3392368638697081,1339.236863869708
2018-07-06,2759.82,0.35059532839714014,1350.59532839714
2018-07-09,2784.17,0.36251168390093036,1362.5116839009304
2018-07-10,2793.84,0.36724396963898576,1367.2439696389858
2018-07-11,2774.02,0.357544496699145,1357.544496699145
2018-07-12,2798.29,0.3694217019589803,1369.4217019589803
2018-07-13,2801.31,0.37089962366828,1370.89962366828
2018-07-16,2798.43,0.3694902148859014,1369.4902148859014
2018-07-17,2809.55,0.3749320987956406,1374.9320987956405
2018-07-18,2815.62,0.377902623555723,1377.902623555723
2018-07-19,2804.49,0.3724558458654894,1372.4558458654894
2018-07-20,2801.83,0.3711541002539871,1371.154100253987
2018-07-23,2806.98,0.37367439720858764,1373.6743972085876
2018-07-24,2820.4,0.38024185063203175,1380.2418506320319
2018-07-25,2846.07,0.39280418516107884,1392.8041851610787
2018-07-26,2837.44,0.38858085259443764,1388.5808525944376
2018-07-27,2818.82,0.37946863331392144,1379.4686333139214
2018-07-30,2802.6,0.3715309213520537,1371.5309213520536
2018-07-31,2816.29,0.3782305068488456,1378.2305068488456
2018-08-01,2813.36,0.3767966291639955,1376.7966291639955
2018-08-02,2827.22,0.38357940892919173,1383.5794089291917
2018-08-03,2840.35,0.3900049427182992,1390.0049427182992
2018-08-06,2850.4,0.3949231921151408,1394.9231921151409
2018-08-07,2858.45,0.3988626854131083,1398.8626854131082
2018-08-08,2857.7,0.39849565187603053,1398.4956518760305
2018-08-09,2853.58,0.39647941431235045,1396.4794143123504
2018-08-10,2833.28,0.38654503990878,1386.54503990878
2018-08-13,2821.93,0.3809905990476701,1380.99059904767
2018-08-14,2839.96,0.38981408527901884,1389.8140852790189
2018-08-15,2818.37,0.3792484131916747,1379.2484131916747
2018-08-16,2840.69,0.39017133125510783,1390.1713312551078
2018-08-17,2850.13,0.394791060041793,1394.791060041793
2018-08-20,2857.05,0.3981775561438967,1398.1775561438967
2018-08-21,2862.96,0.4010697804160692,1401.0697804160693
2018-08-22,2861.82,0.40051188943971106,1400.511889439711
2018-08-23,2856.98,0.39814329968043616,1398.1432996804363
2018-08-24,2874.69,0.4068101849359649,1406.8101849359648
2018-08-27,2896.74,0.41760097092605,1417.60097092605
2018-08-28,2897.52,0.41798268580461095,1417.982685804611
2018-08-29,2914.04,0.4260672111813095,1426.0672111813096
2018-08-30,2901.13,0.41974934056307833,1419.7493405630782
2018-08-31,2901.52,0.4199401980023587,1419.9401980023588
2018-09-03,,,
2018-09-04,2896.72,0.4175911833650612,1417.5911833650612
2018-09-05,2888.6,0.4136174336036331,1413.6174336036331
2018-09-06,2878.05,0.4084544951820732,1408.4544951820733
2018-09-07,2871.68,0.40533715700715955,1405.3371570071595
2018-09-10,2877.13,0.4080042673765911,1408.004267376591
2018-09-11,2887.89,0.4132699751885327,1413.2699751885327
2018-09-12,2888.92,0.41377403457945294,1413.774034579453
2018-09-13,2904.18,0.421241943613861,1421.241943613861
2018-09-14,2904.98,0.4216334460534106,1421.6334460534106
2018-09-17,2888.8,0.4137153092135206,1413.7153092135206
2018-09-18,2904.31,0.42130556276028797,1421.305562760288
2018-09-19,2907.95,0.4230868988602383,1423.0868988602383
2018-09-20,2930.75,0.4342447183874014,1434.2447183874015
2018-09-21,2929.67,0.4337161900940094,1433.7161900940093
2018-09-24,2919.37,0.42867559618480855,1428.6755961848085
2018-09-25,2915.56,0.4268110658164539,1426.811065816454
2018-09-26,2905.97,0.42211793032235323,1422.1179303223532
2018-09-27,2914.0,0.42604763605933216,1426.0476360593323
2018-09-28,2913.98,0.42603784849834336,1426.0378484983435
2018-10-01,2924.59,0.43123014960286965,1431.2301496028697
2018-10-02,2923.43,0.4306624710655227,1430.6624710655226
2018-10-03,2925.51,0.43168037740835175,1431.6803774083517
2018-10-04,2901.61,0.41998424202680806,1419.984242026808
2018-10-05,2885.57,0.4121346181138392,1412.1346181138392
2018-10-08,2884.43,0.41157672713748084,1411.576727137481
2018-10-09,2880.34,0.4095751709152837,1409.5751709152837
2018-10-10,2785.68,0.3632506447555799,1363.25064475558
2018-10-11,2728.37,0.33520438874234726,1335.2043887423472
2018-10-12,2767.13,0.35417268193852425,1354.1726819385242
2018-10-15,2750.79,0.34617624461072416,1346.176244610724
2018-10-16,2809.92,0.3751131686739322,1375.1131686739323
2018-10-17,2809.21,0.374765710258832,1374.765710258832
2018-10-18,2768.78,0.35498015572009534,1354.9801557200954
2018-10-19,2767.78,0.3544907776706585,1354.4907776706584
2018-10-22,2755.88,0.3486671788823583,1348.6671788823583
2018-10-23,2740.69,0.3412335263114108,1341.2335263114107
2018-10-24,2656.1,0.29983703710953735,1299.8370371095373
2018-10-25,2705.57,0.3240465692151844,1324.0465692151843
2018-10-26,2658.69,0.3011045262575791,1301.1045262575792
2018-10-29,2641.25,0.29256977307539844,1292.5697730753984
2018-10-30,2682.63,0.3128202367611004,1312.8202367611004
2018-10-31,2711.74,0.3270660317802103,1327.0660317802103
2018-11-01,2740.37,0.341076925335591,1341.0769253355909
2018-11-02,2723.06,0.33260579129983703,1332.605791299837
2018-11-05,2738.31,0.3400688065537507,1340.0688065537506
2018-11-06,2755.45,0.34845674632110035,1348.4567463211004
2018-11-07,2813.89,0.377055999530197,1377.055999530197
2018-11-08,2806.83,0.3736009905011719,1373.600990501172
2018-11-09,2781.01,0.3609652492647095,1360.9652492647094
2018-11-12,2726.22,0.33415222593605765,1334.1522259360577
2018-11-13,2722.18,0.3321751386163323,1332.1751386163323
2018-11-14,2701.58,0.3220939507979308,1322.0939507979308
2018-11-15,2730.2,0.33609995057281683,1336.0999505728169
2018-11-16,2736.27,0.33907047533289925,1339.0704753328992
2018-11-19,2690.73,0.31678419896153964,1316.7841989615397
2018-11-20,2641.89,0.2928829750270381,1292.8829750270381
2018-11-21,2649.93,0.2968175745445112,1296.8175745445112
2018-11-22,,,
2018-11-23,2632.56,0.2883170778257911,1288.317077825791
2018-11-26,2673.45,0.3083277462672689,1308.3277462672688
2018-11-27,2682.17,0.3125951228583592,1312.5951228583592
2018-11-28,2743.79,0.3427505982646655,1342.7505982646655
2018-11-29,2737.76,0.33979964862656065,1339.7996486265606
2018-11-30,2760.17,0.35076661071444293,1350.766610714443
2018-12-03,2790.37,0.3655458278074395,1365.5458278074395
2018-12-04,2700.06,0.32135009616278665,1321.3500961627867
2018-12-05,,,
2018-12-06,2695.95,0.3193387523796005,1319.3387523796005
2018-12-07,2633.08,0.2885715544114984,1288.5715544114985
2018-12-10,2637.72,0.2908422685608858,1290.8422685608857
2018-12-11,2636.78,0.29038225319441535,1290.3822531944154
2018-12-12,2651.07,0.2973754655208696,1297.3754655208695
2018-12-13,2650.54,0.29711609515466786,1297.1160951546678
2018-12-14,2599.95,0.27235845963365146,1272.3584596336514
2018-12-17,2545.94,0.2459271511835608,1245.9271511835607
2018-12-18,2546.16,0.24603481435443686,1246.0348143544368
2018-12-19,2506.96,0.22685119481650773,1226.8511948165078
2018-12-20,2467.42,0.20750118674176998,1207.50118674177
2018-12-21,2416.62,0.1826407818303717,1182.6407818303717
2018-12-24,2351.1,0.15057673203126143,1150.5767320312614
2018-12-25,,,
2018-12-26,2467.7,0.207638212595612,1207.638212595612
2018-12-27,2488.83,0.21797877078021544,1217.9787707802154
2018-12-28,2485.74,0.21646659260745493,1216.466592607455
2018-12-31,2506.85,0.22679736323106958,1226.7973632310695
2019-01-01,,,
2019-01-02,2510.03,0.22835358542827922,1228.3535854282793
2019-01-03,2447.89,0.19794363343626564,1197.9436334362656
2019-01-04,2531.94,0.2390758584914432,1239.0758584914431
2019-01-07,2549.69,0.2477623188689495,1247.7623188689495
2019-01-08,2574.41,0.2598597442510313,1259.8597442510313
2019-01-09,2584.96,0.26502268267259144,1265.0226826725914
2019-01-10,2596.64,0.2707386182900151,1270.7386182900152
2019-01-11,2596.26,0.27055265463122913,1270.5526546312292
2019-01-14,2582.61,0.26387264425641455,1263.8726442564146
2019-01-15,2610.3,0.2774235224453243,1277.4235224453244
2019-01-16,2616.1,0.28026191513205867,1280.2619151320587
2019-01-17,2635.96,0.2899809631938768,1289.9809631938767
2019-01-18,2670.71,0.3069868504118116,1306.9868504118117
2019-01-21,,,
2019-01-22,2632.9,0.2884834663625997,1288.4834663625998
2019-01-23,2638.7,0.29132185904933405,1291.321859049334
2019-01-24,2642.33,0.2930983013687902,1293.0983013687903
2019-01-25,2664.76,0.30407505101766175,1304.0750510176617
2019-01-28,2643.85,0.2938421560039346,1293.8421560039346
2019-01-29,2640.0,0.29195805051360213,1291.958050513602
2019-01-30,2681.05,0.31204701944298985,1312.04701944299
2019-01-31,2704.1,0.323327183482512,1323.327183482512
2019-02-01,2706.53,0.32451637214264406,1324.516372142644
2019-02-04,2724.87,0.3334915655693178,1333.4915655693178
2019-02-05,2737.7,0.33977028594359404,1339.770285943594
2019-02-06,2731.61,0.33678997362252305,1336.7899736225231
2019-02-07,2706.05,0.3242814706789141,1324.281470678914
2019-02-08,2707.88,0.3251770325093839,1325.177032509384
2019-02-11,2709.8,0.3261166383643028,1326.1166383643028
2019-02-12,2744.73,0.34321061363113614,1343.210613631136
2019-02-13,2753.03,0.3472724514414631,1347.272451441463
2019-02-14,2745.73,0.3436999916805732,1343.6999916805732
2019-02-15,2775.6,0.3583177140172553,1358.3177140172554
2019-02-18,,,
2019-02-19,2779.76,0.36035352670291343,1360.3535267029135
2019-02-20,2784.7,0.36277105426713185,1362.7710542671318
2019-02-21,2774.88,0.35796536182166094,1357.965361821661
2019-02-22,2792.67,0.3666713973211446,1366.6713973211447
2019-02-25,2796.11,0.3683548578112077,1368.3548578112077
2019-02-26,2793.9,0.3672733323219519,1367.273332321952
2019-02-27,2792.38,0.36652947768680777,1366.5294776868077
2019-02-28,2784.49,0.36266828487674996,1362.66828487675
2019-03-01,2803.69,0.37206434342593986,1372.0643434259398
2019-03-04,2792.81,0.36673991024806574,1366.7399102480658
2019-03-05,2789.65,0.3651934756118449,1365.1934756118449
2019-03-06,2771.45,0.3562867951120918,1356.2867951120918
2019-03-07,2748.93,0.3452660014387714,1345.2660014387714
2019-03-08,2743.07,0.3423982460690709,1342.3982460690709
2019-03-11,2783.3,0.36208592499792025,1362.0859249979203
2019-03-12,2791.52,0.36610861256429206,1366.1086125642921
2019-03-13,2810.92,0.37560254672336923,1375.6025467233692
2019-03-14,2808.48,0.374408464282743,1374.408464282743
2019-03-15,2822.48,0.3812597569748606,1381.2597569748607
2019-03-18,2832.94,0.38637865137197136,1386.3786513719713
2019-03-19,2832.57,0.3861975814936798,1386.1975814936798
2019-03-20,2824.23,0.3821161685613752,1382.1161685613752
2019-03-21,2854.88,0.39711560577661853,1397.1156057766186
2019-03-22,2800.71,0.3706059968386177,1370.6059968386178
2019-03-25,2798.36,0.36945595842244083,1369.4559584224407
2019-03-26,2818.46,0.37929245721612403,1379.2924572161241
2019-03-27,2805.37,0.3728864985489939,1372.8864985489938
2019-03-28,2815.44,0.3778145355068243,1377.8145355068243
2019-03-29,2834.4,0.38709314332414935,1387.0931433241494
2019-04-01,2867.19,0.40313984956518767,1403.1398495651877
2019-04-02,2867.24,0.4031643184676592,1403.1643184676593
2019-04-03,2873.4,0.4061788872521912,1406.178887252191
2019-04-04,2879.39,0.40911026176831844,1409.1102617683184
2019-04-05,2892.74,0.415643458728302,1415.643458728302
2019-04-08,2895.77,0.4171262742180961,1417.1262742180961
2019-04-09,2878.2,0.4085279018894885,1408.5279018894885
2019-04-10,2888.21,0.41342657616435274,1413.4265761643528
2019-04-11,2888.32,0.4134804077497909,1413.4804077497909
2019-04-12,2907.41,0.4228226347135424,1422.8226347135424
2019-04-15,2905.58,0.42192707288307285,1421.927072883073
2019-04-16,2907.06,0.42265135239623963,1422.6513523962396
2019-04-17,2900.45,0.4194165634894611,1419.4165634894612
2019-04-18,2905.03,0.42165791495588256,1421.6579149558825
2019-04-19,,,
2019-04-22,2907.97,0.4230966864212271,1423.096686421227
2019-04-23,2933.68,0.43567859607225157,1435.6785960722516
2019-04-24,2927.25,0.43253189521437196,1432.531895214372
2019-04-25,2926.17,0.4320033669209802,1432.0033669209802
2019-04-26,2939.88,0.4387127399787609,1438.712739978761
2019-04-29,2943.03,0.4402542808344876,1440.2542808344876
2019-04-30,2945.83,0.4416245393729108,1441.6245393729107
2019-05-01,2923.73,0.43080928448035394,1430.8092844803539
2019-05-02,2917.52,0.4277702467933502,1427.7702467933502
2019-05-03,2945.64,0.4415315575435179,1441.531557543518
2019-05-06,2932.47,0.43508644863243284,1435.0864486324328
2019-05-07,2884.05,0.41139076347869485,1411.390763478695
2019-05-08,2879.42,0.40912494310980163,1409.1249431098017
2019-05-09,2870.72,0.40486735407969987,1404.8673540797
2019-05-10,2881.4,0.41009391164768694,1410.093911647687
2019-05-13,2811.87,0.3760674558703343,1376.0674558703342
2019-05-14,2834.41,0.3870980371046435,1387.0980371046435
2019-05-15,2850.96,0.3951972438228255,1395.1972438228256
2019-05-16,2876.32,0.4076078711565472,1407.6078711565472
2019-05-17,2859.53,0.39939121370650055,1399.3912137065006
2019-05-20,2840.23,0.3899462173523669,1389.9462173523668
2019-05-21,2864.36,0.40175490968528105,1401.754909685281
2019-05-22,2856.27,0.39779584126533574,1397.7958412653356
2019-05-23,2822.24,0.3811423062429957,1381.1423062429958
2019-05-24,2826.06,0.383011730391845,1383.011730391845
2019-05-27,,,
2019-05-28,2802.39,0.3714281519616718,1371.4281519616718
2019-05-29,2783.02,0.3619488991440778,1361.9488991440778
2019-05-30,2788.86,0.36480686695278974,1364.8068669527897
2019-05-31,2752.06,0.34679775473350904,1346.797754733509
2019-06-03,2744.45,0.3430735877772937,1343.0735877772936
2019-06-04,2803.27,0.3718588046451763,1371.8588046451762
2019-06-05,2826.15,0.38305577441629435,1383.0557744162943
2019-06-06,2843.49,0.39154158979353126,1391.5415897935313
2019-06-07,2873.34,0.40614952456922504,1406.1495245692252
2019-06-10,2886.73,0.41270229665118596,1412.7022966511859
2019-06-11,2885.72,0.4122080248212545,1412.2080248212544
2019-06-12,2879.84,0.4093304818905652,1409.3304818905651
2019-06-13,2891.64,0.4151051428739214,1415.1051428739215
2019-06-14,2886.98,0.4128246411635452,1412.8246411635453
2019-06-17,2889.67,0.41414106811653073,1414.1410681165307
2019-06-18,2917.75,0.4278828037447209,1427.8828037447208
2019-06-19,2926.46,0.4321452865553168,1432.1452865553167
2019-06-20,2954.18,0.44571084608570954,1445.7108460857096
2019-06-21,2950.46,0.443890359741804,1443.890359741804
2019-06-24,2945.35,0.44138963790918107,1441.3896379091811
2019-06-25,2917.38,0.42770173386642907,1427.701733866429
2019-06-26,2913.78,0.4259399728884561,1425.9399728884562
2019-06-27,2924.92,0.43139164435918387,1431.3916443591838
2019-06-28,2941.76,0.4396327707117025,1439.6327707117025
2019-07-01,2964.33,0.4506780332874949,1450.6780332874948
2019-07-02,2973.01,0.45492583475660786,1454.9258347566079
2019-07-03,2995.82,0.46608854806426514,1466.088548064265
2019-07-04,,,
2019-07-05,2990.41,0.46344101281681094,1463.4410128168108
2019-07-08,2975.95,0.4563646062219524,1456.3646062219525
2019-07-09,2979.63,0.45816551744388057,1458.1655174438806
2019-07-10,2993.07,0.4647427584283135,1464.7427584283134
2019-07-11,2999.91,0.46809010428646225,1468.0901042864623
2019-07-12,3013.77,0.47487288405165873,1474.8728840516587
2019-07-15,3014.3,0.47513225441786044,1475.1322544178604
2019-07-16,3004.04,0.47011123563063695,1470.1112356306369
2019-07-17,2984.42,0.4605096383006837,1460.5096383006837
2019-07-18,2995.11,0.46574108964916494,1465.741089649165
2019-07-19,2976.61,0.45668759573458084,1456.6875957345808
2019-07-22,2985.03,0.46080815891084015,1460.8081589108401
2019-07-23,3005.47,0.47081104624133174,1470.8110462413317
2019-07-24,3019.56,0.4777063829578987,1477.7063829578988
2019-07-25,3003.67,0.46993016575234536,1469.9301657523454
2019-07-26,3025.86,0.4807894646693518,1480.789464669352
2019-07-29,3020.97,0.4783964060076047,1478.3964060076046
2019-07-30,3013.18,0.47458415100249085,1474.584151002491
2019-07-31,2980.38,0.45853255098095835,1458.5325509809584
2019-08-01,2953.56,0.4454074316950587,1445.4074316950587
2019-08-02,2932.05,0.4348809098516695,1434.8809098516695
2019-08-05,2844.74,0.39215331235532735,1392.1533123553274
2019-08-06,2881.77,0.4102749815259785,1410.2749815259785
2019-08-07,2883.98,0.4113565070152343,1411.3565070152342
2019-08-08,2938.09,0.4378367532702687,1437.8367532702687
2019-08-09,2918.65,0.4283232439892142,1428.3232439892142
2019-08-12,2883.75,0.41124395006386383,1411.2439500638638
2019-08-13,2926.32,0.4320767736283957,1432.0767736283956
2019-08-14,2840.6,0.3901272872306585,1390.1272872306586
2019-08-15,2847.6,0.39355293357671717,1393.5529335767171
2019-08-16,2888.68,0.41365658384758786,1413.6565838475879
2019-08-19,2923.65,0.430770134236399,1430.770134236399
2019-08-20,2900.51,0.4194459261724275,1419.4459261724276
2019-08-21,2924.43,0.43115184911495974,1431.1518491149598
2019-08-22,2922.95,0.43042756960179296,1430.427569601793
2019-08-23,2847.11,0.39331313833249326,1393.3131383324933
2019-08-26,2878.38,0.4086159899383872,1408.6159899383872
2019-08-27,2869.16,0.40410392432257836,1404.1039243225785
2019-08-28,2887.94,0.4132944440910047,1413.2944440910046
2019-08-29,2924.58,0.43122525582237525,1431.2252558223752
2019-08-30,2926.46,0.4321452865553168,1432.1452865553167
2019-09-02,,,
2019-09-03,2906.27,0.42226474373718426,1422.2647437371843
2019-09-04,2937.78,0.4376850460749433,1437.6850460749433
2019-09-05,2976.0,0.4563890751244244,1456.3890751244244
2019-09-06,2978.71,0.45771528963839847,1457.7152896383984
2019-09-09,2978.43,0.457578263784556,1457.578263784556
2019-09-10,2979.39,0.4580480667120155,1458.0480667120155
2019-09-11,3000.93,0.46858926989688787,1468.5892698968878
2019-09-12,3009.57,0.47281749624402347,1472.8174962440235
2019-09-13,3007.39,0.47175065209625067,1471.7506520962506
2019-09-16,2997.96,0.46713581709006013,1467.13581709006
2019-09-17,3005.7,0.4709236031927022,1470.923603192702
2019-09-18,3006.73,0.47142766258362245,1471.4276625836224
2019-09-19,3006.79,0.4714570252665886,1471.4570252665885
2019-09-20,2992.07,0.4642533803788764,1464.2533803788765
2019-09-23,2991.78,0.4641114607445398,1464.1114607445397
2019-09-24,2966.6,0.45178892145971683,1451.788921459717
2019-09-25,2984.87,0.46072985842293024,1460.7298584229302
2019-09-26,2977.62,0.45718186756451207,1457.181867564512
2019-09-27,2961.79,0.4494350130419249,1449.435013041925
2019-09-30,2976.74,0.45675121488100756,1456.7512148810076
2019-10-01,2940.25,0.4388938098570525,1438.8938098570525
2019-10-02,2887.61,0.41313294933469047,1413.1329493346905
2019-10-03,2910.63,0.42439843203272964,1424.3984320327297
2019-10-04,2952.01,0.4446488957184316,1444.6488957184315
2019-10-07,2938.79,0.4381793179048745,1438.1793179048746
2019-10-08,2893.06,0.41580005970412204,1415.800059704122
2019-10-09,2919.4,0.42869027752629174,1428.6902775262918
2019-10-10,2938.13,0.4378563283922463,1437.8563283922463
2019-10-11,2970.27,0.45358493890115037,1453.5849389011503
2019-10-14,2966.15,0.4515687013374703,1451.5687013374702
2019-10-15,2995.68,0.4660200351373438,1466.0200351373437
2019-10-16,2989.69,0.46308866062121656,1463.0886606212166
2019-10-17,2997.95,0.46713092330956574,1467.1309233095658
2019-10-18,2986.2,0.4613807312286813,1461.3807312286813
2019-10-21,3006.72,0.47142276880312806,1471.422768803128
2019-10-22,2995.99,0.4661717423326692,1466.1717423326693
2019-10-23,3004.52,0.4703461370943667,1470.3461370943667
2019-10-24,3010.29,0.47316984843961807,1473.1698484396181
2019-10-25,3022.55,0.47916962332571544,1479.1696233257155
2019-10-28,3039.42,0.487425431019717,1487.425431019717
2019-10-29,3036.89,0.48618730455464143,1486.1873045546415
2019-10-30,3046.77,0.4910223596830787,1491.0223596830788
2019-10-31,3037.56,0.48651518784776426,1486.5151878477643
2019-11-01,3066.91,0.5008784335987393,1500.8784335987393
2019-11-04,3078.27,0.5064377682403434,1506.4377682403433
2019-11-05,3074.62,0.5046515383598984,1504.6515383598985
2019-11-06,3076.78,0.5057085949466822,1505.7085949466823
2019-11-07,3085.18,0.5098193705619527,1509.8193705619526
2019-11-08,3093.08,0.5136854571525047,1513.6854571525048
2019-11-11,3087.01,0.5107149323924225,1510.7149323924225
2019-11-12,3091.84,0.513078628371203,1513.078628371203
2019-11-13,3094.04,0.5141552600799644,1514.1552600799644
2019-11-14,3096.63,0.5154227492280061,1515.422749228006
2019-11-15,3120.46,0.527084628146089,1527.084628146089
2019-11-18,3122.03,0.5278529516837052,1527.8529516837052
2019-11-19,3120.18,0.5269476022922466,1526.9476022922465
2019-11-20,3108.46,0.5212120915528455,1521.2120915528455
2019-11-21,3103.54,0.5188043515496155,1518.8043515496154
2019-11-22,3110.29,0.5221076533833151,1522.1076533833152
2019-11-25,3133.64,0.5335346308376683,1533.5346308376684
2019-11-26,3140.52,0.5369015518177946,1536.9015518177946
2019-11-27,3153.63,0.5433172980459133,1543.3172980459133
2019-11-28,,,
2019-11-29,3140.98,0.5371266657205358,1537.1266657205358
2019-12-02,3113.87,0.5238596268002993,1523.8596268002993
2019-12-03,3093.2,0.5137441825184372,1513.7441825184371
2019-12-04,3112.76,0.5233164171654245,1523.3164171654246
2019-12-05,3117.43,0.5256018126562949,1525.601812656295
2019-12-06,3145.91,0.5395392995042598,1539.5392995042598
2019-12-09,3135.96,0.5346699879123622,1534.669987912362
2019-12-10,3132.52,0.5329865274222989,1532.9865274222989
2019-12-11,3141.63,0.5374447614526698,1537.4447614526698
2019-12-12,3168.57,0.5506286061045018,1550.6286061045018
2019-12-13,3168.8,0.5507411630558723,1550.7411630558722
2019-12-16,3191.45,0.5618255758756194,1561.8255758756195
2019-12-17,3192.52,0.5623492103885173,1562.3492103885173
2019-12-18,3191.14,0.561673868680294,1561.673868680294
2019-12-19,3205.37,0.5686377183237823,1568.6377183237823
2019-12-20,3221.22,0.576394360407358,1576.3943604073581
2019-12-23,3224.01,0.5777597251652875,1577.7597251652876
2019-12-24,3223.38,0.577451416994142,1577.451416994142
2019-12-25,,,
2019-12-26,3239.91,0.5855408361513352,1585.5408361513353
2019-12-27,3240.02,0.5855946677367732,1585.594667736773
2019-12-30,3221.29,0.5764286168708188,1576.4286168708188
2019-12-31,3230.78,0.5810728145599757,1581.0728145599758
2020-01-01,,,
2020-01-02,3257.85,0.5943202783582344,1594.3202783582344
2020-01-03,3234.85,0.583064583221184,1583.064583221184
2020-01-06,3246.28,0.5886581743262489,1588.6581743262489
2020-01-07,3237.18,0.5842048340763721,1584.2048340763722
2020-01-08,3253.05,0.5919712637209371,1591.971263720937
2020-01-09,3274.7,0.6025662984912472,1602.5662984912472
2020-01-10,3265.35,0.5979906137290116,1597.9906137290116
2020-01-13,3288.13,0.6091386456951859,1609.138645695186
2020-01-14,3283.15,0.6067015430089899,1606.70154300899
2020-01-15,3289.29,0.6097063242325327,1609.7063242325328
2020-01-16,3316.81,0.6231740081530381,1623.1740081530381
2020-01-17,3329.62,0.6294429409663258,1629.4429409663258
2020-01-20,,,
2020-01-21,3320.79,0.6251217327897973,1625.1217327897973
2020-01-22,3321.75,0.6255915357172568,1625.5915357172569
2020-01-23,3325.54,0.6274462785246229,1627.4462785246228
2020-01-24,3295.47,0.6127306805780532,1612.7306805780534
2020-01-27,3243.63,0.5873613224952408,1587.3613224952408
2020-01-28,3276.24,0.6033199406873802,1603.31994068738
2020-01-29,3273.4,0.6019301070269794,1601.9301070269794
2020-01-30,3283.66,0.6069511258142026,1606.9511258142027
2020-01-31,3225.52,0.5784986860199373,1578.4986860199372
2020-02-03,3248.92,0.5899501323767624,1589.9501323767624
2020-02-04,3297.59,0.6137681620428597,1613.7681620428596
2020-02-05,3334.69,0.6319240876769714,1631.9240876769713
2020-02-06,3345.78,0.6373512902452274,1637.3512902452273
2020-02-07,3327.71,0.6285082288919013,1628.5082288919014
2020-02-10,3352.09,0.6404392657371747,1640.4392657371748
2020-02-11,3357.75,0.6432091454969877,1643.2091454969877
2020-02-12,3379.45,0.65382864916977,1653.82864916977
2020-02-13,3373.94,0.6511321761173723,1651.1321761173722
2020-02-14,3380.16,0.6541761075848702,1654.1761075848701
2020-02-17,,,
2020-02-18,3370.29,0.6493459462369273,1649.3459462369274
2020-02-19,3386.15,0.6571074821009979,1657.107482100998
2020-02-20,3373.23,0.6507847177022721,1650.784717702272
2020-02-21,3337.75,0.6334215845082485,1633.4215845082485
2020-02-24,3225.89,0.5786797558982288,1578.679755898229
2020-02-25,3128.21,0.5308773080292255,1530.8773080292256
2020-02-26,3116.39,0.5250928594848805,1525.0928594848806
2020-02-27,2978.76,0.45773975854087046,1457.7397585408705
2020-02-28,2954.22,0.4457304212076869,1445.730421207687
2020-03-02,3090.23,0.5122907297116095,1512.2907297116094
2020-03-03,3003.37,0.4697833523375141,1469.783352337514
2020-03-04,3130.12,0.5318120201036503,1531.8120201036502
2020-03-05,3023.94,0.47984985881443265,1479.8498588144325
2020-03-06,2972.37,0.454612632804968,1454.612632804968
2020-03-09,2746.56,0.3441061754616057,1344.1061754616057
2020-03-10,2882.23,0.4105000954287197,1410.5000954287198
2020-03-11,2741.38,0.3415711971655224,1341.5711971655223
2020-03-12,2480.64,0.2139707645553266,1213.9707645553267
2020-03-13,2711.02,0.32671367958461595,1326.7136795846159
2020-03-16,2386.13,0.1677196451030385,1167.7196451030386
2020-03-17,2529.19,0.23773006885549153,1237.7300688554915
2020-03-18,2398.1,0.17357750035479902,1173.577500354799
2020-03-19,2409.39,0.1791025785329423,1179.1025785329423
2020-03-20,2304.92,0.12797725370826218,1127.9772537082622
2020-03-23,2237.4,0.09493444781027782,1094.9344478102778
2020-03-24,2447.33,0.19766958172858096,1197.6695817285809
2020-03-25,2475.56,0.21148472406418684,1211.4847240641868
2020-03-26,2630.07,0.2870985264826931,1287.0985264826932
2020-03-27,2541.47,0.24373963130257748,1243.7396313025774
2020-03-30,2626.65,0.2854248535536188,1285.4248535536187
2020-03-31,2584.59,0.26484161279429985,1264.8416127942999
2020-04-01,2470.5,0.20900847113403564,1209.0084711340357
2020-04-02,2526.9,0.2366093931222808,1236.6093931222808
2020-04-03,2488.65,0.21789068273131673,1217.8906827313167
2020-04-06,2663.68,0.3035465227242695,1303.5465227242696
2020-04-07,2659.41,0.3014568784531737,1301.4568784531737
2020-04-08,2749.98,0.3457798483906802,1345.7798483906802
2020-04-09,2789.82,0.3652766698802492,1365.2766698802493
2020-04-10,,,
2020-04-13,2761.63,0.3514811026666209,1351.481102666621
2020-04-14,2846.06,0.3927992913805842,1392.7992913805842
2020-04-15,2783.36,0.3621152876808864,1362.1152876808865
2020-04-16,2799.55,0.370038318301271,1370.038318301271
2020-04-17,2874.56,0.40674656578953794,1406.746565789538
2020-04-20,2823.16,0.3815925340484776,1381.5925340484775
2020-04-21,2736.56,0.3392123949672361,1339.2123949672362
2020-04-22,2799.31,0.3699208675694059,1369.9208675694058
2020-04-23,2797.8,0.36918190671475615,1369.1819067147562
2020-04-24,2836.74,0.3882382879598316,1388.2382879598317
2020-04-27,2878.48,0.40866492774333096,1408.664927743331
2020-04-28,2863.39,0.40128021297732697,1401.280212977327
2020-04-29,2939.51,0.43853167010046934,1438.5316701004692
2020-04-30,2912.43,0.425279312521716,1425.279312521716
2020-05-01,2830.71,0.3852873383217268,1385.2873383217268
2020-05-04,2842.74,0.3911745562564535,1391.1745562564536
2020-05-05,2868.44,0.40375157212698376,1403.7515721269838
2020-05-06,2848.42,0.39395422357725574,1393.9542235772558
2020-05-07,2881.19,0.40999114225730526,1409.9911422573052
2020-05-08,2929.8,0.43377980924043635,1433.7798092404364
2020-05-11,2930.32,0.4340342858261437,1434.0342858261438
2020-05-12,2870.12,0.4045737272500378,1404.5737272500378
2020-05-13,2820.0,0.380046099412257,1380.046099412257
2020-05-14,2852.5,0.39595088601895845,1395.9508860189585
2020-05-15,2863.7,0.4014319201726524,1401.4319201726523
2020-05-18,2953.91,0.4455787140123615,1445.5787140123614
2020-05-19,2922.94,0.4304226758212988,1430.4226758212988
2020-05-20,2971.61,0.45424070548739603,1454.240705487396
2020-05-21,2948.51,0.4429360725454021,1442.936072545402
2020-05-22,2955.45,0.44633235620849443,1446.3323562084945
2020-05-25,,,
2020-05-26,2991.77,0.4641065669640454,1464.1065669640454
2020-05-27,3036.13,0.48581537723706947,1485.8153772370695
2020-05-28,3029.73,0.48268335772067283,1482.6833577206728
2020-05-29,3044.31,0.4898184896814637,1489.8184896814637
2020-06-01,3055.73,0.4954071870060339,1495.4071870060338
2020-06-02,3080.82,0.5076856822664075,1507.6856822664076
2020-06-03,3122.87,0.5282640292452321,1528.264029245232
2020-06-04,3112.35,0.5231157721651551,1523.1157721651552
2020-06-05,3193.93,0.5630392334382233,1563.0392334382232
2020-06-08,3232.39,0.5818607132195692,1581.8607132195693
2020-06-09,3207.18,0.5695234925932631,1569.523492593263
2020-06-10,3190.14,0.5611844906308572,1561.1844906308572
2020-06-11,3002.1,0.46916184221472923,1469.1618422147292
2020-06-12,3041.31,0.48835035553315276,1488.3503555331527
2020-06-15,3066.59,0.5007218326229195,1500.7218326229195
2020-06-16,3124.74,0.5291791661976792,1529.1791661976793
2020-06-17,3113.49,0.5236736631415133,1523.6736631415133
2020-06-18,3115.34,0.5245790125329719,1524.579012532972
2020-06-19,3097.74,0.5159659588628811,1515.965958862881
2020-06-22,3117.86,0.5258122452175531,1525.812245217553
2020-06-23,3131.29,0.5323845924214914,1532.3845924214913
2020-06-24,3050.33,0.49276454553907434,1492.7645455390743
2020-06-25,3083.76,0.5091244537317523,1509.1244537317523
2020-06-26,3009.05,0.4725630196583164,1472.5630196583163
2020-06-29,3053.24,0.4941886356629359,1494.188635662936
2020-06-30,3100.29,0.5172138728889453,1517.2138728889452
2020-07-01,3115.86,0.524833489118679,1524.833489118679
2020-07-02,3130.01,0.5317581885182123,1531.7581885182124
2020-07-03,,,
2020-07-06,3179.72,0.5560851713557238,1556.0851713557238
2020-07-07,3145.32,0.5392505664550922,1539.2505664550922
2020-07-08,3169.94,0.5512990540322305,1551.2990540322305
2020-07-09,3152.05,0.542544080727803,1542.544080727803
2020-07-10,3185.04,0.5586886625787286,1558.6886625787286
2020-07-13,3155.22,0.544095409144518,1544.095409144518
2020-07-14,3197.52,0.5647961006357021,1564.796100635702
2020-07-15,3226.56,0.5790076391913517,1579.0076391913517
2020-07-16,3215.57,0.5736293744280394,1573.6293744280395
2020-07-17,3224.73,0.5781120773608821,1578.112077360882
2020-07-20,3251.84,0.5913791162811184,1591.3791162811183
2020-07-21,3257.3,0.5940511204310441,1594.0511204310442
2020-07-22,3276.02,0.6032122775165043,1603.2122775165044
2020-07-23,3235.66,0.583460979441228,1583.460979441228
2020-07-24,3215.63,0.5736587371110056,1573.6587371110056
2020-07-27,3239.41,0.5852961471266167,1585.2961471266167
2020-07-28,3218.44,0.5750338894299234,1575.0338894299234
2020-07-29,3258.44,0.5946090114074023,1594.6090114074022
2020-07-30,3246.22,0.5886288116432823,1588.6288116432822
2020-07-31,3271.12,0.600814325074263,1600.814325074263
2020-08-03,3294.61,0.6123098154555375,1612.3098154555375
2020-08-04,3306.51,0.6181334142438375,1618.1334142438375
2020-08-05,3327.77,0.6285375915748674,1628.5375915748675
2020-08-06,3349.16,0.6390053880523241,1639.0053880523242
2020-08-07,3351.28,0.6400428695171307,1640.0428695171308
2020-08-10,3360.47,0.6445402537914562,1644.5402537914563
2020-08-11,3333.69,0.6314347096275343,1631.4347096275344
2020-08-12,3380.35,0.6542690894142633,1654.2690894142634
2020-08-13,3373.43,0.6508825933121594,1650.8825933121593
2020-08-14,3372.85,0.6505987540434861,1650.598754043486
2020-08-17,3381.99,0.6550716694153398,1655.0716694153398
2020-08-18,3389.78,0.6588839244204541,1658.8839244204542
2020-08-19,3374.85,0.65157751014236,1651.57751014236
2020-08-20,3385.51,0.6567942801493583,1656.7942801493582
2020-08-21,3397.16,0.6624955344252987,1662.4955344252987
2020-08-24,3431.28,0.6791931134720883,1679.1931134720883
2020-08-25,3443.62,0.6852320386021404,1685.2320386021404
2020-08-26,3478.73,0.7024141019178725,1702.4141019178724
2020-08-27,3484.55,0.7052622821655958,1705.262282165596
2020-08-28,3508.01,0.7167430912053872,1716.7430912053871
2020-08-31,3500.31,0.7129748802247222,1712.9748802247223
2020-09-01,3526.65,0.7258650980468921,1725.8650980468922
2020-09-02,3580.84,0.7523844945458817,1752.3844945458818
2020-09-03,3455.06,0.6908305234876995,1690.8305234876996
2020-09-04,3426.96,0.6770790002985205,1677.0790002985204
2020-09-07,,,
2020-09-08,3331.84,0.630529360236076,1630.529360236076
2020-09-09,3398.96,0.6633764149142853,1663.3764149142853
2020-09-10,3339.19,0.6341262888994377,1634.1262888994377
2020-09-11,3340.97,0.6349973818274353,1634.9973818274352
2020-09-14,3383.54,0.6558302053919673,1655.8302053919674
2020-09-15,3401.2,0.6644726217450241,1664.472621745024
2020-09-16,3385.49,0.6567844925883692,1656.7844925883692
2020-09-17,3357.01,0.6428470057404045,1642.8470057404045
2020-09-18,3319.47,0.6244757537645405,1624.4757537645405
2020-09-21,3281.06,0.6056787428856665,1605.6787428856665
2020-09-22,3315.57,0.6225671793717364,1622.5671793717365
2020-09-23,3236.92,0.5840775957835187,1584.0775957835187
2020-09-24,3246.59,0.5888098815215743,1588.8098815215744
2020-09-25,3298.46,0.6141939209458698,1614.1939209458699
2020-09-28,3351.6,0.6401994704929503,1640.1994704929502
2020-09-29,3335.47,0.6323058025555319,1632.305802555532
2020-09-30,3363.0,0.645778380256532,1645.778380256532
2020-10-01,3380.8,0.6544893095365101,1654.48930953651
2020-10-02,3348.44,0.6386530358567297,1638.6530358567297
2020-10-05,3408.63,0.668108700652341,1668.108700652341
2020-10-06,3360.95,0.6447751552551861,1644.775155255186
2020-10-07,3419.45,0.6734037711472487,1673.4037711472488
2020-10-08,3446.83,0.686802942140833,1686.802942140833
2020-10-09,3477.13,0.7016310970387734,1701.6310970387733
2020-10-12,3534.22,0.7295696898811299,1729.56968988113
2020-10-13,3511.93,0.71866145315918,1718.66145315918
2020-10-14,3488.67,0.7072785197292761,1707.2785197292762
2020-10-15,3483.34,0.7046701347257771,1704.6701347257772
2020-10-16,3483.81,0.7049001424090122,1704.9001424090122
2020-10-19,3426.92,0.6770594251765432,1677.059425176543
2020-10-20,3443.12,0.6849873495774219,1684.9873495774218
2020-10-21,3435.56,0.6812876515236785,1681.2876515236785
2020-10-22,3453.49,0.6900621999500833,1690.0621999500834
2020-10-23,3465.39,0.6958857987383833,1695.8857987383833
2020-10-26,3400.97,0.6643600647936536,1664.3600647936537
